{
    "navigation": [
        {
            "title": "Framework",
            "href": "/app_4"
        }
    ],
    "layout": [
        {
            "type": "table",
            "title": "Microservices",
            "id": "app_4_table_1",
            "col": 12,
            "rowCount": 1,
            "reloadTime": 30,
            "defaultInterval": "5m"
        },
        {
            "type": "table",
            "title": "Frontend",
            "id": "app_4_table_2",
            "col": 12,
            "rowCount": 1,
            "reloadTime": 30,
            "defaultInterval": "5m"
        },
        {
            "type": "table",
            "title": "Backend",
            "id": "app_4_table_3",
            "col": 12,
            "rowCount": 1,
            "reloadTime": 30,
            "defaultInterval": "5m"
        },
        {
            "type": "table",
            "title": "Database",
            "id": "app_4_table_4",
            "col": 12,
            "rowCount": 1,
            "reloadTime": 30,
            "defaultInterval": "5m"
        },
        {
            "type": "table",
            "title": "Compute",
            "id": "app_4_table_5",
            "col": 12,
            "rowCount": 1,
            "reloadTime": 30,
            "defaultInterval": "5m"
        }
    ]
}