{
    "layout": [
        {
            "type": "table",
            "title": "Framework Table",
            "value": {
                "defaultVisible": [
                    "srno",
                    "name",
                    "traffic",
                    "availability",
                    "error-count",
                    "latency",
                    "reliability",
                    "pod-process",
                    "incident-count",
                    "resource",
                    "change-req"
                ],
                "header": [
                    {
                        "id": "srno",
                        "header": "SrNo",
                        "subHeader": ""
                    },
                    {
                        "id": "name",
                        "header": "Name",
                        "subHeader": ""
                    },
                    {
                        "id": "traffic",
                        "header": "Traffic",
                        "subHeader": ""
                    },
                    {
                        "id": "availability",
                        "header": "Availability",
                        "subHeader": ""
                    },
                    {
                        "id": "error-count",
                        "header": "Error Count",
                        "subHeader": ""
                    },
                    {
                        "id": "latency",
                        "header": "Latency",
                        "subHeader": "(ms)"
                    },
                    {
                        "id": "reliability",
                        "header": "Reliability",
                        "subHeader": ""
                    },
                    {
                        "id": "pod-process",
                        "header": "Pod / Process",
                        "subHeader": ""
                    },
                    {
                        "id": "incident-count",
                        "header": "Incident Count",
                        "subHeader": ""
                    },
                    {
                        "id": "resource",
                        "header": "Resource",
                        "subHeader": ""
                    },
                    {
                        "id": "change-req",
                        "header": "Change Req",
                        "subHeader": ""
                    }
                ],
                "content": [
                    [
                        {
                            "type": "string",
                            "value": "1",
                            "redirect": "-"
                        },
                        {
                            "type": "string",
                            "value": "Framework",
                            "redirect": "/app_4"
                        },
                        {
                            "type": "string",
                            "value": "96,263",
                            "redirect": "-"
                        },
                        {
                            "type": "string",
                            "value": "100%",
                            "redirect": "-"
                        },
                        {
                            "type": "string",
                            "value": "101",
                            "redirect": "-"
                        },
                        {
                            "type": "string",
                            "value": "328",
                            "redirect": "-"
                        },
                        {
                            "type": "progress",
                            "value": {
                                "min": 0,
                                "max": 100,
                                "current": 99
                            },
                            "redirect": "-"
                        },
                        {
                            "type": "string",
                            "value": "175",
                            "redirect": "-"
                        },
                        {
                            "type": "string",
                            "value": "75",
                            "redirect": "-"
                        },
                        {
                            "type": "Array",
                            "value": [
                                {
                                    "type": "string",
                                    "value": "https://www.wikipedia.org/",
                                    "redirect": "https://some.resource.link"
                                }
                            ],
                            "redirect": "-"
                        },
                        {
                            "type": "string",
                            "value": "82",
                            "redirect": "-"
                        }
                    ],
                    [
                        {
                            "type": "string",
                            "value": "2",
                            "redirect": "-"
                        },
                        {
                            "type": "string",
                            "value": "App 1 - K8 app",
                            "redirect": "/app_1"
                        },
                        {
                            "type": "string",
                            "value": "166,963",
                            "redirect": "-"
                        },
                        {
                            "type": "string",
                            "value": "100%",
                            "redirect": "-"
                        },
                        {
                            "type": "string",
                            "value": "116",
                            "redirect": "-"
                        },
                        {
                            "type": "string",
                            "value": "370",
                            "redirect": "-"
                        },
                        {
                            "type": "progress",
                            "value": {
                                "min": 0,
                                "max": 100,
                                "current": 96
                            },
                            "redirect": "-"
                        },
                        {
                            "type": "string",
                            "value": "190",
                            "redirect": "-"
                        },
                        {
                            "type": "string",
                            "value": "60",
                            "redirect": "-"
                        },
                        {
                            "type": "Array",
                            "value": [
                                {
                                    "type": "string",
                                    "value": "https://www.wikipedia.org/",
                                    "redirect": "https://some.resource.link"
                                },
                                {
                                    "type": "string",
                                    "value": "https://www.wikipedia.org/",
                                    "redirect": "https://some.resource.link"
                                }
                            ],
                            "redirect": "-"
                        },
                        {
                            "type": "string",
                            "value": "88",
                            "redirect": "-"
                        }
                    ],
                    [
                        {
                            "type": "string",
                            "value": "3",
                            "redirect": "-"
                        },
                        {
                            "type": "string",
                            "value": "App 2 - VM app",
                            "redirect": "/app_2"
                        },
                        {
                            "type": "string",
                            "value": "175,048",
                            "redirect": "-"
                        },
                        {
                            "type": "string",
                            "value": "100%",
                            "redirect": "-"
                        },
                        {
                            "type": "string",
                            "value": "114",
                            "redirect": "-"
                        },
                        {
                            "type": "string",
                            "value": "307",
                            "redirect": "-"
                        },
                        {
                            "type": "progress",
                            "value": {
                                "min": 0,
                                "max": 100,
                                "current": 84
                            },
                            "redirect": "-"
                        },
                        {
                            "type": "string",
                            "value": "150",
                            "redirect": "-"
                        },
                        {
                            "type": "string",
                            "value": "105",
                            "redirect": "-"
                        },
                        {
                            "type": "Array",
                            "value": [
                                {
                                    "type": "string",
                                    "value": "https://www.wikipedia.org/",
                                    "redirect": "https://some.resource.link"
                                }
                            ],
                            "redirect": "-"
                        },
                        {
                            "type": "string",
                            "value": "94",
                            "redirect": "-"
                        }
                    ],
                    [
                        {
                            "type": "string",
                            "value": "4",
                            "redirect": "-"
                        },
                        {
                            "type": "string",
                            "value": "App 3 - K8 and VM app",
                            "redirect": "/app_3"
                        },
                        {
                            "type": "string",
                            "value": "116,094",
                            "redirect": "-"
                        },
                        {
                            "type": "string",
                            "value": "100%",
                            "redirect": "-"
                        },
                        {
                            "type": "string",
                            "value": "75",
                            "redirect": "-"
                        },
                        {
                            "type": "string",
                            "value": "423",
                            "redirect": "-"
                        },
                        {
                            "type": "progress",
                            "value": {
                                "min": 0,
                                "max": 100,
                                "current": 93
                            },
                            "redirect": "-"
                        },
                        {
                            "type": "string",
                            "value": "193",
                            "redirect": "-"
                        },
                        {
                            "type": "string",
                            "value": "87",
                            "redirect": "-"
                        },
                        {
                            "type": "Array",
                            "value": [
                                {
                                    "type": "string",
                                    "value": "https://www.wikipedia.org/",
                                    "redirect": "https://some.resource.link"
                                },
                                {
                                    "type": "string",
                                    "value": "https://www.wikipedia.org/",
                                    "redirect": "https://some.resource.link"
                                },
                                {
                                    "type": "string",
                                    "value": "https://www.wikipedia.org/",
                                    "redirect": "https://some.resource.link"
                                }
                            ],
                            "redirect": "-"
                        },
                        {
                            "type": "string",
                            "value": "65",
                            "redirect": "-"
                        }
                    ],
                    [
                        {
                            "type": "string",
                            "value": "5",
                            "redirect": "-"
                        },
                        {
                            "type": "string",
                            "value": "Dummy App 1",
                            "redirect": "/123"
                        },
                        {
                            "type": "string",
                            "value": "120,516",
                            "redirect": "-"
                        },
                        {
                            "type": "string",
                            "value": "100%",
                            "redirect": "-"
                        },
                        {
                            "type": "string",
                            "value": "18",
                            "redirect": "-"
                        },
                        {
                            "type": "string",
                            "value": "351",
                            "redirect": "-"
                        },
                        {
                            "type": "progress",
                            "value": {
                                "min": 0,
                                "max": 100,
                                "current": 88
                            },
                            "redirect": "-"
                        },
                        {
                            "type": "string",
                            "value": "165",
                            "redirect": "-"
                        },
                        {
                            "type": "string",
                            "value": "48",
                            "redirect": "-"
                        },
                        {
                            "type": "Array",
                            "value": [
                                {
                                    "type": "string",
                                    "value": "https://www.wikipedia.org/",
                                    "redirect": "https://some.resource.link"
                                },
                                {
                                    "type": "string",
                                    "value": "https://www.wikipedia.org/",
                                    "redirect": "https://some.resource.link"
                                }
                            ],
                            "redirect": "-"
                        },
                        {
                            "type": "string",
                            "value": "79",
                            "redirect": "-"
                        }
                    ],
                    [
                        {
                            "type": "string",
                            "value": "6",
                            "redirect": "-"
                        },
                        {
                            "type": "string",
                            "value": "Dummy App 2",
                            "redirect": "/456"
                        },
                        {
                            "type": "string",
                            "value": "168,912",
                            "redirect": "-"
                        },
                        {
                            "type": "string",
                            "value": "100%",
                            "redirect": "-"
                        },
                        {
                            "type": "string",
                            "value": "57",
                            "redirect": "-"
                        },
                        {
                            "type": "string",
                            "value": "435",
                            "redirect": "-"
                        },
                        {
                            "type": "progress",
                            "value": {
                                "min": 0,
                                "max": 100,
                                "current": 80
                            },
                            "redirect": "-"
                        },
                        {
                            "type": "string",
                            "value": "179",
                            "redirect": "-"
                        },
                        {
                            "type": "string",
                            "value": "126",
                            "redirect": "-"
                        },
                        {
                            "type": "Array",
                            "value": [
                                {
                                    "type": "string",
                                    "value": "https://www.wikipedia.org/",
                                    "redirect": "https://some.resource.link"
                                },
                                {
                                    "type": "string",
                                    "value": "https://www.wikipedia.org/",
                                    "redirect": "https://some.resource.link"
                                },
                                {
                                    "type": "string",
                                    "value": "https://www.wikipedia.org/",
                                    "redirect": "https://some.resource.link"
                                }
                            ],
                            "redirect": "-"
                        },
                        {
                            "type": "string",
                            "value": "106",
                            "redirect": "-"
                        }
                    ],
                    [
                        {
                            "type": "string",
                            "value": "7",
                            "redirect": "-"
                        },
                        {
                            "type": "string",
                            "value": "Query Params",
                            "redirect": "-"
                        },
                        {
                            "type": "string",
                            "value": "196,228",
                            "redirect": "-"
                        },
                        {
                            "type": "string",
                            "value": "100%",
                            "redirect": "-"
                        },
                        {
                            "type": "string",
                            "value": "69",
                            "redirect": "-"
                        },
                        {
                            "type": "string",
                            "value": "268",
                            "redirect": "-"
                        },
                        {
                            "type": "progress",
                            "value": {
                                "min": 0,
                                "max": 100,
                                "current": 97
                            },
                            "redirect": "-"
                        },
                        {
                            "type": "string",
                            "value": "127",
                            "redirect": "-"
                        },
                        {
                            "type": "string",
                            "value": "54",
                            "redirect": "-"
                        },
                        {
                            "type": "Array",
                            "value": [
                                {
                                    "type": "string",
                                    "value": "https://www.wikipedia.org/",
                                    "redirect": "https://some.resource.link"
                                },
                                {
                                    "type": "string",
                                    "value": "https://www.wikipedia.org/",
                                    "redirect": "https://some.resource.link"
                                },
                                {
                                    "type": "string",
                                    "value": "https://www.wikipedia.org/",
                                    "redirect": "https://some.resource.link"
                                }
                            ],
                            "redirect": "-"
                        },
                        {
                            "type": "string",
                            "value": "72",
                            "redirect": "-"
                        }
                    ],
                    [
                        {
                            "type": "string",
                            "value": "8",
                            "redirect": "-"
                        },
                        {
                            "type": "string",
                            "value": "Redirection & Query",
                            "redirect": "-"
                        },
                        {
                            "type": "string",
                            "value": "116,830",
                            "redirect": "-"
                        },
                        {
                            "type": "string",
                            "value": "100%",
                            "redirect": "-"
                        },
                        {
                            "type": "string",
                            "value": "86",
                            "redirect": "-"
                        },
                        {
                            "type": "string",
                            "value": "378",
                            "redirect": "-"
                        },
                        {
                            "type": "progress",
                            "value": {
                                "min": 0,
                                "max": 100,
                                "current": 93
                            },
                            "redirect": "-"
                        },
                        {
                            "type": "string",
                            "value": "123",
                            "redirect": "-"
                        },
                        {
                            "type": "string",
                            "value": "92",
                            "redirect": "-"
                        },
                        {
                            "type": "Array",
                            "value": [
                                {
                                    "type": "string",
                                    "value": "https://www.wikipedia.org/",
                                    "redirect": "https://some.resource.link"
                                }
                            ],
                            "redirect": "-"
                        },
                        {
                            "type": "string",
                            "value": "82",
                            "redirect": "-"
                        }
                    ],
                    [
                        {
                            "type": "string",
                            "value": "9",
                            "redirect": "-"
                        },
                        {
                            "type": "string",
                            "value": "ENC Service",
                            "redirect": "-"
                        },
                        {
                            "type": "string",
                            "value": "195,505",
                            "redirect": "-"
                        },
                        {
                            "type": "string",
                            "value": "100%",
                            "redirect": "-"
                        },
                        {
                            "type": "string",
                            "value": "147",
                            "redirect": "-"
                        },
                        {
                            "type": "string",
                            "value": "252",
                            "redirect": "-"
                        },
                        {
                            "type": "progress",
                            "value": {
                                "min": 0,
                                "max": 100,
                                "current": 93
                            },
                            "redirect": "-"
                        },
                        {
                            "type": "string",
                            "value": "188",
                            "redirect": "-"
                        },
                        {
                            "type": "string",
                            "value": "101",
                            "redirect": "-"
                        },
                        {
                            "type": "Array",
                            "value": [
                                {
                                    "type": "string",
                                    "value": "https://www.wikipedia.org/",
                                    "redirect": "https://some.resource.link"
                                }
                            ],
                            "redirect": "-"
                        },
                        {
                            "type": "string",
                            "value": "60",
                            "redirect": "-"
                        }
                    ],
                    [
                        {
                            "type": "string",
                            "value": "10",
                            "redirect": "-"
                        },
                        {
                            "type": "string",
                            "value": "ENC Service",
                            "redirect": "-"
                        },
                        {
                            "type": "string",
                            "value": "113,614",
                            "redirect": "-"
                        },
                        {
                            "type": "string",
                            "value": "100%",
                            "redirect": "-"
                        },
                        {
                            "type": "string",
                            "value": "54",
                            "redirect": "-"
                        },
                        {
                            "type": "string",
                            "value": "342",
                            "redirect": "-"
                        },
                        {
                            "type": "progress",
                            "value": {
                                "min": 0,
                                "max": 100,
                                "current": 76
                            },
                            "redirect": "-"
                        },
                        {
                            "type": "string",
                            "value": "105",
                            "redirect": "-"
                        },
                        {
                            "type": "string",
                            "value": "101",
                            "redirect": "-"
                        },
                        {
                            "type": "Array",
                            "value": [
                                {
                                    "type": "string",
                                    "value": "https://www.wikipedia.org/",
                                    "redirect": "https://some.resource.link"
                                },
                                {
                                    "type": "string",
                                    "value": "https://www.wikipedia.org/",
                                    "redirect": "https://some.resource.link"
                                }
                            ],
                            "redirect": "-"
                        },
                        {
                            "type": "string",
                            "value": "126",
                            "redirect": "-"
                        }
                    ]
                ]
            }
        }
    ]
}