{
    "navigation": [
        {
            "title": "Framework",
            "href": "/app_4"
        },
        {
            "title": "App 1",
            "href": "/app_4?drill_level=2&component_id=name_space_1"
        },
        {
            "title": "Pods",
            "href": "/app_4?drill_level=3&component_id=service_1"
        },
        {
            "title": "192.134.2.007",
            "href": "/app_4?drill_level=4&component_id=ip_1"
        }
    ],
    "layout": [
        {
            "type": "gauge",
            "title": "CPU Usage",
            "id": "gauge_1",
            "col": 3,
            "reloadTime": 30,
            "defaultInterval": "5m"
        },
        {
            "type": "gauge",
            "title": "Memory Usage",
            "id": "gauge_2",
            "col": 3,
            "reloadTime": 30,
            "defaultInterval": "5m"
        },
        {
            "type": "gauge",
            "title": "Disk I/O",
            "id": "gauge_3",
            "col": 3,
            "reloadTime": 30,
            "defaultInterval": "5m"
        },
        {
            "type": "gauge",
            "title": "Latency",
            "id": "gauge_4",
            "col": 3,
            "reloadTime": 30,
            "defaultInterval": "5m"
        },
        {
            "type": "singleLine",
            "title": "CPU Trend",
            "id": "single_line_1",
            "col": 6,
            "reloadTime": 30,
            "defaultInterval": "5m"
        },
        {
            "type": "singleLine",
            "title": "Traffic Trend",
            "id": "single_line_2",
            "col": 6,
            "reloadTime": 30,
            "defaultInterval": "5m"
        },
        {
            "type": "singleLine",
            "title": "RAM Trend",
            "id": "single_line_3",
            "col": 6,
            "reloadTime": 30,
            "defaultInterval": "5m"
        },
        {
            "type": "singleLine",
            "title": "Error Trend",
            "id": "single_line_4",
            "col": 6,
            "reloadTime": 30,
            "defaultInterval": "5m"
        }
    ]
}