{
    "navigation": [
        {
            "title": "Framework",
            "href": "/app_4"
        },
        {
            "title": "App 1",
            "href": "/app_4?drill_level=2&component_id=name_space_1"
        }
    ],
    "layout": [
        {
            "type": "gauge",
            "title": "CPU Quota",
            "id": "gauge_1",
            "col": 3,
            "reloadTime": 30,
            "defaultInterval": "5m"
        },
        {
            "type": "gauge",
            "title": "Memory Quota",
            "id": "gauge_2",
            "col": 3,
            "reloadTime": 30,
            "defaultInterval": "5m"
        },
        {
            "type": "gauge",
            "title": "Pods Quota",
            "id": "gauge_3",
            "col": 3,
            "reloadTime": 30,
            "defaultInterval": "5m"
        },
        {
            "type": "gauge",
            "title": "Secret Count",
            "id": "gauge_4",
            "col": 3,
            "reloadTime": 30,
            "defaultInterval": "5m"
        },
        {
            "type": "table",
            "title": "Services",
            "id": "app_4_name_space_1",
            "col": 12,
            "reloadTime": 30,
            "defaultInterval": "5m"
        },
        {
            "type": "column",
            "title": "Total request vol",
            "id": "app_1_name_space_1_column_1",
            "col": 6,
            "reloadTime": 30,
            "defaultInterval": "1d"
        },
        {
            "type": "column",
            "title": "Availability",
            "id": "app_1_name_space_1_column_2",
            "col": 6,
            "reloadTime": 30,
            "defaultInterval": "1d"
        },
        {
            "type": "multiLine",
            "title": "Traffic Trend",
            "id": "app_1_name_space_1_multi_line_2",
            "col": 6,
            "reloadTime": 30,
            "defaultInterval": "5m"
        },
        {
            "type": "multiLine",
            "title": "Error Trend",
            "id": "app_1_name_space_1_multi_line_4",
            "col": 6,
            "reloadTime": 30,
            "defaultInterval": "5m"
        },
        {
            "type": "multiLine",
            "title": "Latency Trend",
            "id": "app_1_name_space_1_multi_line_5",
            "col": 12,
            "reloadTime": 30,
            "defaultInterval": "5m"
        }
    ]
}