{
    "navigation": [
        {
            "title": "Framework",
            "href": "/app_4"
        },
        {
            "title": "App 1",
            "href": "/app_4?drill_level=2&component_id=name_space_1"
        },
        {
            "title": "Pods",
            "href": "/app_4?drill_level=3&component_id=service_1"
        }
    ],
    "layout": [
        {
            "type": "table",
            "title": "Pods",
            "id": "app_1_service_1",
            "col": 12,
            "reloadTime": 30,
            "defaultInterval": "5m"
        },
        {
            "type": "column",
            "title": "Total request vol",
            "id": "app_1_service_1_column_1",
            "col": 6,
            "reloadTime": 30,
            "defaultInterval": "1d"
        },
        {
            "type": "column",
            "title": "Availability",
            "id": "app_1_service_1_column_2",
            "col": 6,
            "reloadTime": 30,
            "defaultInterval": "1d"
        },
        {
            "type": "multiLine",
            "title": "CPU Trend",
            "id": "app_1_service_1_multi_line_1",
            "col": 6,
            "reloadTime": 30,
            "defaultInterval": "5m"
        },
        {
            "type": "multiLine",
            "title": "Traffic Trend",
            "id": "app_1_service_1_multi_line_2",
            "col": 6,
            "reloadTime": 30,
            "defaultInterval": "5m"
        },
        {
            "type": "multiLine",
            "title": "RAM Trend",
            "id": "app_1_service_1_multi_line_3",
            "col": 6,
            "reloadTime": 30,
            "defaultInterval": "5m"
        },
        {
            "type": "multiLine",
            "title": "Error Trend",
            "id": "app_1_service_1_multi_line_4",
            "col": 6,
            "reloadTime": 30,
            "defaultInterval": "5m"
        },
        {
            "type": "multiLine",
            "title": "Latency Trend",
            "id": "app_1_service_1_multi_line_5",
            "col": 12,
            "reloadTime": 30,
            "defaultInterval": "5m"
        }
    ]
}