{
    "type": "table",
    "title": "App Table",
    "value": {
      "reloadTime": 30,
      "defaultVisible": [
        "name",
        "region",
        "serviceCount",
        "podsCount",
        "reliability",
        "traffic",
        "latency",
        "error-count",
        "secretCount",
        "availability"
      ],
      "header": [
        {
          "id": "name",
          "header": "Name",
          "subHeader": ""
        },
        {
          "id": "region",
          "header": "Region",
          "subHeader": ""
        },
        {
          "id": "serviceCount",
          "header": "Service Count",
          "subHeader": ""
        },
        {
          "id": "podsCount",
          "header": "Pods Count",
          "subHeader": ""
        },
        {
          "id": "reliability",
          "header": "Reliability",
          "subHeader": ""
        },
        {
          "id": "traffic",
          "header": "Traffic",
          "subHeader": ""
        },
        {
          "id": "latency",
          "header": "Latency",
          "subHeader": "(ms)"
        },
        {
          "id": "secretCount",
          "header": "Secret Count",
          "subHeader": ""
        },
        {
          "id": "error-count",
          "header": "Error Count",
          "subHeader": ""
        },
        {
          "id": "availability",
          "header": "Availability",
          "subHeader": ""
        }
      ],
      "content": [
        [
            {
                "type": "string",
                "value": "App 1",
                "redirect": "component_id=name_space_1"
            },
            {
                "type": "string",
                "value": "IPC1",
                "redirect": "-"
            },
            {
                "type": "string",
                "value": "9",
                "redirect": "-"
            },
            {
                "type": "string",
                "value": "120",
                "redirect": "-"
            },
            {
                "type": "progress",
                "value": {
                "min": 0,
                "max": 100,
                "current": 99
                },
                "redirect": "-"
            },
            {
                "type": "string",
                "value": "36,420",
                "redirect": "-"
            },
            {
                "type": "string",
                "value": "306 ms",
                "redirect": "-"
            },
            {
                "type": "string",
                "value": "235",
                "redirect": "-"
            },
            {
                "type": "string",
                "value": "16",
                "redirect": "-"
            },
            {
                "type": "string",
                "value": "96%",
                "redirect": "-"
            }
        ]
      ]
    }
  }