{
    "type": "multiLine",
    "title": "CPU Trend Multi Line",
    "value": {
        "unit": "mm",
        "reloadTime": 30,
        "defaultInterval": "1d",
        "timeStamp": 1686919058097,
        "intervals": [
            "5m",
            "1d",
            "1M"
        ],
        "x": [
            1686918958097,
            1686918968097,
            1686918978097,
            1686918988097,
            1686918998097,
            1686919008097,
            1686919018097,
            1686919028097,
            1686919038097,
            1686919048097,
            1686919058097
        ],
        "y": [
            {
                "title": "Prod 1",
                "value": [
                    89,
                    37,
                    72,
                    62,
                    35,
                    87,
                    39,
                    30,
                    92,
                    56,
                    80
                ]
            }
        ],
        "request": 3
    }
}