{
    "type": "table",
    "title": "App Table",
    "value": {
        "reloadTime": 30,
        "defaultVisible": [
            "ipAddress",
            "status",
            "resConsumtion",
            "traffic",
            "activePods",
            "availablity"
        ],
        "header": [
            {
                "id": "ipAddress",
                "header": "IP Address",
                "subHeader": ""
            },
            {
                "id": "status",
                "header": "Status",
                "subHeader": ""
            },
            {
                "id": "resConsumtion",
                "header": "Res. Consumtion",
                "subHeader": "Current | 1Hr Avg"
            },
            {
                "id": "traffic",
                "header": "Traffic",
                "subHeader": "Current | 1Hr Avg"
            },
            {
                "id": "activePods",
                "header": "Active Pods",
                "subHeader": ""
            },
            {
                "id": "availablity",
                "header": "Avaliblity",
                "subHeader": "Current | 1Hr Avg"
            }
        ],
        "content": [
            [
                {
                    "type": "string",
                    "value": "POD3",
                    "redirect": "component_id=5f94552f-5ddd-42a8-8938-9acc5df79657"
                },
                {
                    "type": "string",
                    "value": "Active",
                    "redirect": "-"
                },
                {
                    "type": "split",
                    "value": [
                        {
                            "type": "string",
                            "value": "10%",
                            "redirect": "-"
                        },
                        {
                            "type": "string",
                            "value": "15%",
                            "redirect": "-"
                        }
                    ],
                    "redirect": "-"
                },
                {
                    "type": "split",
                    "value": [
                        {
                            "type": "string",
                            "value": "150",
                            "redirect": "-"
                        },
                        {
                            "type": "string",
                            "value": "6000",
                            "redirect": "-"
                        }
                    ],
                    "redirect": "-"
                },
                {
                    "type": "string",
                    "value": "05",
                    "redirect": "-"
                },
                {
                    "type": "string",
                    "value": "100%",
                    "redirect": "-"
                }
            ],
            [
                {
                    "type": "string",
                    "value": "Ingress1",
                    "redirect": "component_id=1bf7415c-662f-49cd-a241-680592f8043d"
                },
                {
                    "type": "string",
                    "value": "Active",
                    "redirect": "-"
                },
                {
                    "type": "split",
                    "value": [
                        {
                            "type": "string",
                            "value": "10%",
                            "redirect": "-"
                        },
                        {
                            "type": "string",
                            "value": "15%",
                            "redirect": "-"
                        }
                    ],
                    "redirect": "-"
                },
                {
                    "type": "split",
                    "value": [
                        {
                            "type": "string",
                            "value": "150",
                            "redirect": "-"
                        },
                        {
                            "type": "string",
                            "value": "6000",
                            "redirect": "-"
                        }
                    ],
                    "redirect": "-"
                },
                {
                    "type": "string",
                    "value": "05",
                    "redirect": "-"
                },
                {
                    "type": "string",
                    "value": "100%",
                    "redirect": "-"
                }
            ],
            [
                {
                    "type": "string",
                    "value": "POD1",
                    "redirect": "component_id=24c7f089-4e4f-4d79-a836-5fb521a46c81"
                },
                {
                    "type": "string",
                    "value": "Active",
                    "redirect": "-"
                },
                {
                    "type": "split",
                    "value": [
                        {
                            "type": "string",
                            "value": "10%",
                            "redirect": "-"
                        },
                        {
                            "type": "string",
                            "value": "15%",
                            "redirect": "-"
                        }
                    ],
                    "redirect": "-"
                },
                {
                    "type": "split",
                    "value": [
                        {
                            "type": "string",
                            "value": "150",
                            "redirect": "-"
                        },
                        {
                            "type": "string",
                            "value": "6000",
                            "redirect": "-"
                        }
                    ],
                    "redirect": "-"
                },
                {
                    "type": "string",
                    "value": "05",
                    "redirect": "-"
                },
                {
                    "type": "string",
                    "value": "100%",
                    "redirect": "-"
                }
            ]
        ]
    }
}