{
    "type": "table",
    "title": "App Table",
    "value": {
        "reloadTime": 30,
        "defaultVisible": [
            "name",
            "region",
            "serviceCount",
            "podsCount",
            "reliability",
            "traffic",
            "error-count",
            "availability"
        ],
        "header": [
            {
                "id": "name",
                "header": "Name",
                "subHeader": ""
            },
            {
                "id": "region",
                "header": "Region",
                "subHeader": ""
            },
            {
                "id": "serviceCount",
                "header": "Service Count",
                "subHeader": ""
            },
            {
                "id": "podsCount",
                "header": "Pods Count",
                "subHeader": ""
            },
            {
                "id": "reliability",
                "header": "Reliability",
                "subHeader": ""
            },
            {
                "id": "traffic",
                "header": "Traffic",
                "subHeader": "Current | 24hr"
            },
            {
                "id": "latency",
                "header": "Latency",
                "subHeader": "(ms)"
            },
            {
                "id": "resConsumtion",
                "header": "Res. Consumtion",
                "subHeader": "Current | 24hr"
            },
            {
                "id": "resQuote",
                "header": "Res. Quote",
                "subHeader": ""
            },
            {
                "id": "error-count",
                "header": "Error Count",
                "subHeader": "24hr"
            },
            {
                "id": "availability",
                "header": "Availability",
                "subHeader": ""
            }
        ],
        "content": [
            [
                {
                    "type": "string",
                    "value": "Name Space 1",
                    "redirect": "component_id=name_space_1"
                },
                {
                    "type": "string",
                    "value": "ev - 1",
                    "redirect": "-"
                },
                {
                    "type": "string",
                    "value": "5",
                    "redirect": "-"
                },
                {
                    "type": "string",
                    "value": "120",
                    "redirect": "-"
                },
                {
                    "type": "string",
                    "value": "120",
                    "redirect": "-"
                },
                {
                    "type": "string",
                    "value": "120",
                    "redirect": "-"
                },
                {
                    "type": "string",
                    "value": "500 ms",
                    "redirect": "-"
                },
                {
                    "type": "string",
                    "value": "120",
                    "redirect": "-"
                },
                {
                    "type": "string",
                    "value": "CPU:25% RAM:17GB",
                    "redirect": "-"
                },
                {
                    "type": "string",
                    "value": "40",
                    "redirect": "-"
                },
                {
                    "type": "string",
                    "value": "99.45%",
                    "redirect": "-"
                }
            ],
            [
                {
                    "type": "string",
                    "value": "Name Space 2",
                    "redirect": "-"
                },
                {
                    "type": "string",
                    "value": "ev - 1",
                    "redirect": "-"
                },
                {
                    "type": "string",
                    "value": "10",
                    "redirect": "-"
                },
                {
                    "type": "string",
                    "value": "120",
                    "redirect": "-"
                },
                {
                    "type": "string",
                    "value": "120",
                    "redirect": "-"
                },
                {
                    "type": "string",
                    "value": "120",
                    "redirect": "-"
                },
                {
                    "type": "string",
                    "value": "500 ms",
                    "redirect": "-"
                },
                {
                    "type": "string",
                    "value": "120",
                    "redirect": "-"
                },
                {
                    "type": "string",
                    "value": "CPU:25% RAM:17GB",
                    "redirect": "-"
                },
                {
                    "type": "string",
                    "value": "40",
                    "redirect": "-"
                },
                {
                    "type": "string",
                    "value": "99.45%",
                    "redirect": "-"
                }
            ]
        ]
    }
}