{
    "type": "singleLine",
    "title": "CPU Trend Line",
    "value": {
        "unit": "mm",
        "reloadTime": 30,
        "defaultInterval": "5m",
        "timeStamp": 1686919095376,
        "intervals": [
            "5m",
            "1d",
            "1M"
        ],
        "x": [
            1686919045376,
            1686919050376,
            1686919055376,
            1686919060376,
            1686919065376,
            1686919070376,
            1686919075376,
            1686919080376,
            1686919085376,
            1686919090376,
            1686919095376
        ],
        "y": {
            "title": "Pod 1",
            "value": [
                24,
                12,
                6,
                38,
                46,
                96,
                66,
                13,
                53,
                81,
                19
            ]
        },
        "request": 7
    }
}