{
    "type": "table",
    "title": "App Table",
    "value": {
      "reloadTime": 30,
      "defaultVisible": [
        "name",
        "podsCount",
        "availability",
        "reqCount",
        "errorCount",
        "secretCount",
        "restartCount"
      ],
      "header": [
        {
          "id": "name",
          "header": "Name",
          "subHeader": ""
        },
        {
          "id": "podsCount",
          "header": "Pods Count",
          "subHeader": ""
        },
        {
          "id": "availability",
          "header": "Availability",
          "subHeader": ""
        },
        {
          "id": "reqCount",
          "header": "Req Count",
          "subHeader": ""
        },
        {
          "id": "errorCount",
          "header": "Error Count",
          "subHeader": ""
        },
        {
          "id": "secretCount",
          "header": "Secret Count",
          "subHeader": ""
        },
        {
          "id": "restartCount",
          "header": "Restart Count",
          "subHeader": ""
        }
      ],
      "content": [
        [
          {
            "type": "string",
            "value": "Pods",
            "redirect": "component_id=service_1"
          },
          {
            "type": "string",
            "value": "5",
            "redirect": "-"
          },
          {
            "type": "string",
            "value": "92%",
            "redirect": "-"
          },
          {
            "type": "string",
            "value": "11140",
            "redirect": "-"
          },
          {
            "type": "string",
            "value": "35",
            "redirect": "-"
          },
          {
            "type": "string",
            "value": "42",
            "redirect": "-"
          },
          {
            "type": "string",
            "value": "76",
            "redirect": "-"
          }
        ],
        [
          {
            "type": "string",
            "value": "Services",
            "redirect": "-"
          },
          {
            "type": "string",
            "value": "94",
            "redirect": "-"
          },
          {
            "type": "string",
            "value": "73%",
            "redirect": "-"
          },
          {
            "type": "string",
            "value": "19015",
            "redirect": "-"
          },
          {
            "type": "string",
            "value": "57",
            "redirect": "-"
          },
          {
            "type": "string",
            "value": "48",
            "redirect": "-"
          },
          {
            "type": "string",
            "value": "75",
            "redirect": "-"
          }
        ],
        [
          {
            "type": "string",
            "value": "Ingress",
            "redirect": "-"
          },
          {
            "type": "string",
            "value": "60",
            "redirect": "-"
          },
          {
            "type": "string",
            "value": "98%",
            "redirect": "-"
          },
          {
            "type": "string",
            "value": "13102",
            "redirect": "-"
          },
          {
            "type": "string",
            "value": "46",
            "redirect": "-"
          },
          {
            "type": "string",
            "value": "52",
            "redirect": "-"
          },
          {
            "type": "string",
            "value": "21",
            "redirect": "-"
          }
        ]
      ]
    }
  }