{
    "type": "table",
    "title": "App Table",
    "value": {
        "reloadTime": 30,
        "defaultVisible": [
            "name",
            "podsCount",
            "availability",
            "reqCount",
            "reqConsumption",
            "errorCount",
            "activePods"
        ],
        "header": [
            {
                "id": "name",
                "header": "Name",
                "subHeader": ""
            },
            {
                "id": "podsCount",
                "header": "Pods Count",
                "subHeader": ""
            },
            {
                "id": "availability",
                "header": "Availability",
                "subHeader": "(traffic)"
            },
            {
                "id": "reqCount",
                "header": "Req Count",
                "subHeader": ""
            },
            {
                "id": "reqConsumption",
                "header": "Req Consumption",
                "subHeader": ""
            },
            {
                "id": "errorCount",
                "header": "Error Count",
                "subHeader": ""
            },
            {
                "id": "activePods",
                "header": "Active Pods",
                "subHeader": ""
            }
        ],
        "content": [
            [
                {
                    "type": "string",
                    "value": "Service 1",
                    "redirect": "component_id=service_1"
                },
                {
                    "type": "string",
                    "value": "2",
                    "redirect": "-"
                },
                {
                    "type": "string",
                    "value": "80.20%",
                    "redirect": "-"
                },
                {
                    "type": "string",
                    "value": "30",
                    "redirect": "-"
                },
                {
                    "type": "string",
                    "value": "150",
                    "redirect": "-"
                },
                {
                    "type": "string",
                    "value": "5",
                    "redirect": "-"
                },
                {
                    "type": "string",
                    "value": "60",
                    "redirect": "-"
                }
            ],
            [
                {
                    "type": "string",
                    "value": "Service 2",
                    "redirect": "-"
                },
                {
                    "type": "string",
                    "value": "100",
                    "redirect": "-"
                },
                {
                    "type": "string",
                    "value": "80.20%",
                    "redirect": "-"
                },
                {
                    "type": "string",
                    "value": "30",
                    "redirect": "-"
                },
                {
                    "type": "string",
                    "value": "150",
                    "redirect": "-"
                },
                {
                    "type": "string",
                    "value": "5",
                    "redirect": "-"
                },
                {
                    "type": "string",
                    "value": "60",
                    "redirect": "-"
                }
            ],
            [
                {
                    "type": "string",
                    "value": "Service 3",
                    "redirect": "-"
                },
                {
                    "type": "string",
                    "value": "100",
                    "redirect": "-"
                },
                {
                    "type": "string",
                    "value": "80.20%",
                    "redirect": "-"
                },
                {
                    "type": "string",
                    "value": "30",
                    "redirect": "-"
                },
                {
                    "type": "string",
                    "value": "150",
                    "redirect": "-"
                },
                {
                    "type": "string",
                    "value": "5",
                    "redirect": "-"
                },
                {
                    "type": "string",
                    "value": "60",
                    "redirect": "-"
                }
            ],
            [
                {
                    "type": "string",
                    "value": "Service 4",
                    "redirect": "-"
                },
                {
                    "type": "string",
                    "value": "100",
                    "redirect": "-"
                },
                {
                    "type": "string",
                    "value": "80.20%",
                    "redirect": "-"
                },
                {
                    "type": "string",
                    "value": "30",
                    "redirect": "-"
                },
                {
                    "type": "string",
                    "value": "150",
                    "redirect": "-"
                },
                {
                    "type": "string",
                    "value": "5",
                    "redirect": "-"
                },
                {
                    "type": "string",
                    "value": "60",
                    "redirect": "-"
                }
            ],
            [
                {
                    "type": "string",
                    "value": "Service 5",
                    "redirect": "-"
                },
                {
                    "type": "string",
                    "value": "100",
                    "redirect": "-"
                },
                {
                    "type": "string",
                    "value": "80.20%",
                    "redirect": "-"
                },
                {
                    "type": "string",
                    "value": "30",
                    "redirect": "-"
                },
                {
                    "type": "string",
                    "value": "150",
                    "redirect": "-"
                },
                {
                    "type": "string",
                    "value": "5",
                    "redirect": "-"
                },
                {
                    "type": "string",
                    "value": "60",
                    "redirect": "-"
                }
            ]
        ]
    }
}