{
    "type": "multiLine",
    "title": "CPU Trend Multi Line",
    "value": {
        "unit": "mm",
        "reloadTime": 30,
        "defaultInterval": "5m",
        "timeStamp": 1686918990370,
        "intervals": [
            "5m",
            "1d",
            "1M"
        ],
        "x": [
            1686918940370,
            1686918945370,
            1686918950370,
            1686918955370,
            1686918960370,
            1686918965370,
            1686918970370,
            1686918975370,
            1686918980370,
            1686918985370,
            1686918990370
        ],
        "y": [
            {
                "title": "Prod 1",
                "value": [
                    95,
                    68,
                    73,
                    97,
                    90,
                    22,
                    76,
                    93,
                    8,
                    31,
                    18
                ]
            },
            {
                "title": "Prod 2",
                "value": [
                    27,
                    19,
                    78,
                    95,
                    64,
                    89,
                    61,
                    65,
                    43,
                    86,
                    97
                ]
            },
            {
                "title": "Prod 3",
                "value": [
                    94,
                    86,
                    44,
                    27,
                    85,
                    18,
                    1,
                    78,
                    39,
                    26,
                    41
                ]
            },
            {
                "title": "Prod 4",
                "value": [
                    56,
                    22,
                    58,
                    3,
                    90,
                    95,
                    26,
                    85,
                    89,
                    81,
                    38
                ]
            },
            {
                "title": "Prod 5",
                "value": [
                    2,
                    49,
                    20,
                    87,
                    61,
                    72,
                    98,
                    84,
                    66,
                    45,
                    50
                ]
            }
        ],
        "request": 7
    }
}