{
  "annotations": {
    "list": [
      {
        "builtIn": 1,
        "datasource": "-- Grafana --",
        "enable": true,
        "hide": true,
        "iconColor": "rgba(0, 211, 255, 1)",
        "name": "Annotations & Alerts",
        "target": {
          "limit": 100,
          "matchAny": false,
          "tags": [],
          "type": "dashboard"
        },
        "type": "dashboard"
      }
    ]
  },
  "editable": true,
  "gnetId": null,
  "graphTooltip": 0,
  "id": 2,
  "links": [],
  "panels": [
    {
      "datasource": null,
      "gridPos": {
        "h": 6,
        "w": 24,
        "x": 0,
        "y": 0
      },
      "id": 12,
      "options": {
        "content": "# Default Dashboard for Go-Paved-Road\n\n[Grafana Docs](https://grafana.com/docs/)\n\nThis dashboard is meant to visualize basic built-in metrics. To visualize your created metrics, you will need to create your own panels in this dashboard, or a seperate one. \n\nTo persistently save your dashboard edits, go to the dashboard's setting tab, and copy the JSON model. \nPaste the JSON model into the respective file structure within [monitoring/grafana/dashboards](https://github.aexp.com/amex-eng/go-paved-road/monitoring/grafana/dashboards)\n\nSign in using the default credentials.",
        "mode": "markdown"
      },
      "pluginVersion": "8.1.3",
      "type": "text"
    },
    {
      "datasource": "Paved-Prometheus",
      "fieldConfig": {
        "defaults": {
          "color": {
            "mode": "continuous-GrYlRd"
          },
          "mappings": [
            {
              "options": {
                "0": {
                  "color": "red",
                  "index": 1,
                  "text": "Down"
                },
                "1": {
                  "color": "green",
                  "index": 0,
                  "text": "Up"
                }
              },
              "type": "value"
            }
          ],
          "thresholds": {
            "mode": "absolute",
            "steps": [
              {
                "color": "red",
                "value": null
              },
              {
                "color": "green",
                "value": 1
              }
            ]
          }
        },
        "overrides": []
      },
      "gridPos": {
        "h": 5,
        "w": 6,
        "x": 0,
        "y": 6
      },
      "id": 2,
      "options": {
        "colorMode": "value",
        "graphMode": "area",
        "justifyMode": "auto",
        "orientation": "auto",
        "reduceOptions": {
          "calcs": [
            "lastNotNull"
          ],
          "fields": "",
          "values": false
        },
        "text": {},
        "textMode": "auto"
      },
      "pluginVersion": "8.1.3",
      "targets": [
        {
          "exemplar": true,
          "expr": "up{job!=\"prometheus\"}",
          "interval": "",
          "legendFormat": "{{application}}",
          "queryType": "randomWalk",
          "refId": "A"
        }
      ],
      "timeFrom": null,
      "timeShift": null,
      "title": "Are we up?",
      "type": "stat"
    },
    {
      "datasource": null,
      "fieldConfig": {
        "defaults": {
          "color": {
            "mode": "thresholds"
          },
          "mappings": [],
          "thresholds": {
            "mode": "absolute",
            "steps": [
              {
                "color": "green",
                "value": null
              }
            ]
          }
        },
        "overrides": []
      },
      "gridPos": {
        "h": 5,
        "w": 6,
        "x": 6,
        "y": 6
      },
      "id": 16,
      "options": {
        "reduceOptions": {
          "calcs": [
            "lastNotNull"
          ],
          "fields": "",
          "values": false
        },
        "showThresholdLabels": false,
        "showThresholdMarkers": true,
        "text": {}
      },
      "pluginVersion": "8.1.3",
      "targets": [
        {
          "exemplar": true,
          "expr": "open_requests{job!=\"prometheus\"}",
          "interval": "",
          "legendFormat": "{{requests}}",
          "refId": "A"
        }
      ],
      "title": "Open Requests",
      "type": "gauge"
    },
    {
      "datasource": null,
      "fieldConfig": {
        "defaults": {
          "color": {
            "mode": "palette-classic"
          },
          "custom": {
            "axisLabel": "",
            "axisPlacement": "auto",
            "barAlignment": 0,
            "drawStyle": "line",
            "fillOpacity": 30,
            "gradientMode": "opacity",
            "hideFrom": {
              "legend": false,
              "tooltip": false,
              "viz": false
            },
            "lineInterpolation": "linear",
            "lineWidth": 2,
            "pointSize": 5,
            "scaleDistribution": {
              "type": "linear"
            },
            "showPoints": "never",
            "spanNulls": false,
            "stacking": {
              "group": "A",
              "mode": "none"
            },
            "thresholdsStyle": {
              "mode": "off"
            }
          },
          "mappings": [],
          "min": 0,
          "thresholds": {
            "mode": "absolute",
            "steps": [
              {
                "color": "green",
                "value": null
              },
              {
                "color": "red",
                "value": 80
              }
            ]
          },
          "unit": "percent"
        },
        "overrides": []
      },
      "gridPos": {
        "h": 8,
        "w": 12,
        "x": 12,
        "y": 6
      },
      "id": 4,
      "options": {
        "legend": {
          "calcs": [
            "mean",
            "min",
            "max",
            "lastNotNull"
          ],
          "displayMode": "table",
          "placement": "bottom"
        },
        "tooltip": {
          "mode": "multi"
        }
      },
      "targets": [
        {
          "exemplar": true,
          "expr": "percentage_used_memory{job!=\"prometheus\"}",
          "interval": "",
          "legendFormat": "Memory",
          "refId": "A"
        },
        {
          "exemplar": true,
          "expr": "percentage_disk_space_usage{job!=\"prometheus\"}",
          "hide": false,
          "interval": "",
          "legendFormat": "Disk",
          "refId": "B"
        },
        {
          "exemplar": true,
          "expr": "current_cpu_utilization{job!=\"prometheus\"}",
          "hide": false,
          "interval": "",
          "legendFormat": "CPU",
          "refId": "C"
        }
      ],
      "title": "Utilization",
      "type": "timeseries"
    },
    {
      "datasource": null,
      "fieldConfig": {
        "defaults": {
          "color": {
            "mode": "thresholds"
          },
          "mappings": [],
          "thresholds": {
            "mode": "absolute",
            "steps": [
              {
                "color": "green",
                "value": null
              },
              {
                "color": "dark-red",
                "value": 0.1
              }
            ]
          }
        },
        "overrides": []
      },
      "gridPos": {
        "h": 5,
        "w": 12,
        "x": 0,
        "y": 11
      },
      "id": 22,
      "options": {
        "colorMode": "value",
        "graphMode": "area",
        "justifyMode": "auto",
        "orientation": "auto",
        "reduceOptions": {
          "calcs": [
            "lastNotNull"
          ],
          "fields": "",
          "values": false
        },
        "text": {},
        "textMode": "auto"
      },
      "pluginVersion": "8.1.3",
      "targets": [
        {
          "exemplar": false,
          "expr": "rate(health_check_results{job != \"prometheus\", status=\"fail\"}[5m]) * 60",
          "interval": "",
          "legendFormat": "{{type}}",
          "refId": "A"
        }
      ],
      "title": "Health Check Failures",
      "type": "stat"
    },
    {
      "datasource": null,
      "fieldConfig": {
        "defaults": {
          "color": {
            "mode": "palette-classic"
          },
          "custom": {
            "axisLabel": "in MB",
            "axisPlacement": "auto",
            "barAlignment": 0,
            "drawStyle": "line",
            "fillOpacity": 30,
            "gradientMode": "opacity",
            "hideFrom": {
              "legend": false,
              "tooltip": false,
              "viz": false
            },
            "lineInterpolation": "linear",
            "lineWidth": 2,
            "pointSize": 5,
            "scaleDistribution": {
              "type": "linear"
            },
            "showPoints": "never",
            "spanNulls": false,
            "stacking": {
              "group": "A",
              "mode": "none"
            },
            "thresholdsStyle": {
              "mode": "off"
            }
          },
          "mappings": [],
          "min": 0,
          "thresholds": {
            "mode": "absolute",
            "steps": [
              {
                "color": "green",
                "value": null
              },
              {
                "color": "red",
                "value": 80
              }
            ]
          },
          "unit": "none"
        },
        "overrides": []
      },
      "gridPos": {
        "h": 6,
        "w": 12,
        "x": 12,
        "y": 14
      },
      "id": 6,
      "options": {
        "legend": {
          "calcs": [
            "mean",
            "min",
            "max",
            "lastNotNull"
          ],
          "displayMode": "table",
          "placement": "bottom"
        },
        "tooltip": {
          "mode": "multi"
        }
      },
      "targets": [
        {
          "exemplar": true,
          "expr": "go_memstats_heap_inuse_bytes{job!=\"prometheus\"}/1024/1024",
          "interval": "",
          "legendFormat": "{{application}}",
          "refId": "A"
        }
      ],
      "title": "Heap",
      "type": "timeseries"
    },
    {
      "datasource": null,
      "gridPos": {
        "h": 5,
        "w": 12,
        "x": 0,
        "y": 16
      },
      "id": 14,
      "options": {
        "alertName": "",
        "dashboardAlerts": false,
        "dashboardTitle": "",
        "folderId": null,
        "maxItems": 10,
        "showOptions": "current",
        "sortOrder": 1,
        "stateFilter": {
          "alerting": false,
          "execution_error": false,
          "no_data": false,
          "ok": false,
          "paused": false,
          "pending": false
        },
        "tags": []
      },
      "pluginVersion": "8.1.3",
      "targets": [
        {
          "exemplar": true,
          "expr": "ALERTS{alertstate=\"firing\"} > 0",
          "interval": "",
          "legendFormat": "{{alertname}} - {{application}}",
          "refId": "A"
        }
      ],
      "title": "Alerts",
      "type": "alertlist"
    },
    {
      "datasource": null,
      "fieldConfig": {
        "defaults": {
          "color": {
            "mode": "palette-classic"
          },
          "custom": {
            "axisLabel": "",
            "axisPlacement": "auto",
            "barAlignment": 0,
            "drawStyle": "line",
            "fillOpacity": 30,
            "gradientMode": "opacity",
            "hideFrom": {
              "legend": false,
              "tooltip": false,
              "viz": false
            },
            "lineInterpolation": "linear",
            "lineWidth": 2,
            "pointSize": 5,
            "scaleDistribution": {
              "type": "linear"
            },
            "showPoints": "never",
            "spanNulls": false,
            "stacking": {
              "group": "A",
              "mode": "none"
            },
            "thresholdsStyle": {
              "mode": "off"
            }
          },
          "mappings": [],
          "thresholds": {
            "mode": "absolute",
            "steps": [
              {
                "color": "green",
                "value": null
              },
              {
                "color": "red",
                "value": 80
              }
            ]
          }
        },
        "overrides": []
      },
      "gridPos": {
        "h": 7,
        "w": 12,
        "x": 12,
        "y": 20
      },
      "id": 10,
      "options": {
        "legend": {
          "calcs": [
            "mean",
            "min",
            "max",
            "lastNotNull"
          ],
          "displayMode": "table",
          "placement": "bottom"
        },
        "tooltip": {
          "mode": "multi"
        }
      },
      "targets": [
        {
          "exemplar": true,
          "expr": "go_goroutines{job!=\"prometheus\"}",
          "interval": "",
          "legendFormat": "{{application}} - routines",
          "refId": "A"
        },
        {
          "exemplar": true,
          "expr": "go_threads{job!=\"prometheus\"}",
          "hide": false,
          "interval": "",
          "legendFormat": "{{application}} - threads",
          "refId": "B"
        }
      ],
      "title": "Go Routines/Threads",
      "type": "timeseries"
    },
    {
      "datasource": null,
      "fieldConfig": {
        "defaults": {
          "color": {
            "mode": "palette-classic"
          },
          "custom": {
            "axisLabel": "Seconds",
            "axisPlacement": "auto",
            "barAlignment": 0,
            "drawStyle": "line",
            "fillOpacity": 30,
            "gradientMode": "opacity",
            "hideFrom": {
              "legend": false,
              "tooltip": false,
              "viz": false
            },
            "lineInterpolation": "linear",
            "lineStyle": {
              "fill": "solid"
            },
            "lineWidth": 2,
            "pointSize": 5,
            "scaleDistribution": {
              "type": "linear"
            },
            "showPoints": "auto",
            "spanNulls": false,
            "stacking": {
              "group": "A",
              "mode": "normal"
            },
            "thresholdsStyle": {
              "mode": "off"
            }
          },
          "mappings": [],
          "thresholds": {
            "mode": "absolute",
            "steps": [
              {
                "color": "green",
                "value": null
              },
              {
                "color": "red",
                "value": 80
              }
            ]
          }
        },
        "overrides": []
      },
      "gridPos": {
        "h": 9,
        "w": 12,
        "x": 0,
        "y": 21
      },
      "id": 20,
      "options": {
        "legend": {
          "calcs": [
            "min",
            "mean",
            "max",
            "sum"
          ],
          "displayMode": "table",
          "placement": "bottom"
        },
        "tooltip": {
          "mode": "single"
        }
      },
      "targets": [
        {
          "exemplar": true,
          "expr": "rate(transaction_counts{job != \"prometheus\"}[1m])",
          "interval": "",
          "legendFormat": "{{type}} - {{trx}}",
          "refId": "A"
        }
      ],
      "title": "Transactions Rate",
      "type": "timeseries"
    },
    {
      "datasource": null,
      "fieldConfig": {
        "defaults": {
          "color": {
            "mode": "palette-classic"
          },
          "custom": {
            "axisLabel": "",
            "axisPlacement": "auto",
            "barAlignment": 0,
            "drawStyle": "line",
            "fillOpacity": 30,
            "gradientMode": "opacity",
            "hideFrom": {
              "legend": false,
              "tooltip": false,
              "viz": false
            },
            "lineInterpolation": "linear",
            "lineWidth": 2,
            "pointSize": 5,
            "scaleDistribution": {
              "type": "linear"
            },
            "showPoints": "never",
            "spanNulls": true,
            "stacking": {
              "group": "A",
              "mode": "none"
            },
            "thresholdsStyle": {
              "mode": "off"
            }
          },
          "mappings": [],
          "min": 0,
          "thresholds": {
            "mode": "absolute",
            "steps": [
              {
                "color": "green",
                "value": null
              },
              {
                "color": "red",
                "value": 80
              }
            ]
          },
          "unit": "s"
        },
        "overrides": []
      },
      "gridPos": {
        "h": 6,
        "w": 12,
        "x": 12,
        "y": 27
      },
      "id": 8,
      "options": {
        "legend": {
          "calcs": [
            "mean",
            "min",
            "max",
            "lastNotNull"
          ],
          "displayMode": "table",
          "placement": "bottom"
        },
        "tooltip": {
          "mode": "multi"
        }
      },
      "targets": [
        {
          "exemplar": true,
          "expr": "rate(go_gc_duration_seconds_sum{job!=\"prometheus\"}[1m]) / rate(go_gc_duration_seconds_count{job!=\"prometheus\"}[1m])",
          "interval": "",
          "legendFormat": "{{application}}",
          "refId": "A"
        }
      ],
      "title": "Garbage Collection Time",
      "type": "timeseries"
    },
    {
      "datasource": null,
      "fieldConfig": {
        "defaults": {
          "color": {
            "mode": "palette-classic"
          },
          "custom": {
            "axisLabel": "Seconds",
            "axisPlacement": "auto",
            "barAlignment": 0,
            "drawStyle": "line",
            "fillOpacity": 30,
            "gradientMode": "opacity",
            "hideFrom": {
              "legend": false,
              "tooltip": false,
              "viz": false
            },
            "lineInterpolation": "linear",
            "lineWidth": 2,
            "pointSize": 5,
            "scaleDistribution": {
              "type": "linear"
            },
            "showPoints": "auto",
            "spanNulls": false,
            "stacking": {
              "group": "A",
              "mode": "none"
            },
            "thresholdsStyle": {
              "mode": "off"
            }
          },
          "mappings": [],
          "thresholds": {
            "mode": "absolute",
            "steps": [
              {
                "color": "green",
                "value": null
              },
              {
                "color": "red",
                "value": 80
              }
            ]
          }
        },
        "overrides": []
      },
      "gridPos": {
        "h": 8,
        "w": 12,
        "x": 0,
        "y": 30
      },
      "id": 18,
      "options": {
        "legend": {
          "calcs": [
            "min",
            "mean",
            "max"
          ],
          "displayMode": "table",
          "placement": "bottom"
        },
        "tooltip": {
          "mode": "single"
        }
      },
      "targets": [
        {
          "exemplar": true,
          "expr": "trx_latency{job != \"prometheus\", quantile=\"0.99\"}",
          "interval": "",
          "legendFormat": "{{type}} - {{trx}}",
          "refId": "A"
        }
      ],
      "title": "Transaction Latency",
      "type": "timeseries"
    }
  ],
  "refresh": "10s",
  "schemaVersion": 30,
  "style": "dark",
  "tags": [],
  "templating": {
    "list": []
  },
  "time": {
    "from": "now-1h",
    "to": "now"
  },
  "timepicker": {},
  "timezone": "",
  "title": "default",
  "uid": "peYbQAh7k",
  "version": 8
}
